{"MODEL_4": {"MOVE": {"Normal": [558.5888198757764, 396.4324712013774]}, "GC101": {"Normal": [114.06296851574213, 41.165358490042344]}, "GC104": {"Normal": [123.73205741626795, 43.30204340158423]}, "GC103": {"Normal": [103.55155482815057, 40.85808591919375]}, "GC105": {"Normal": [112.03980099502488, 41.67295564033338]}, "GC102": {"Normal": [102.92817679558011, 36.71211478264426]}, "GC106": {"Normal": [111.90669371196755, 41.361408846977106]}, "GC107": {"Normal": [107.96257796257797, 42.72435770100302]}, "2E": {"Normal": [129.6734693877551, 44.02104680073767]}, "2D": {"Normal": [115.55555555555556, 42.28066131208988]}, "3B": {"Normal": [112.22222222222223, 44.03982485023648]}, "1B": {"Normal": [129.16256157635468, 41.31804049426373]}, "2F": {"Normal": [112.27722772277228, 41.930663845595156]}, "3C": {"Normal": [108.5427135678392, 40.96066178349755]}, "1F": {"Normal": [117.23076923076923, 43.5186146664299]}, "2M": {"Normal": [88.4375, 29.95928226359904]}, "3D": {"Normal": [120.46875, 42.03531578848314]}, "1C": {"Normal": [126.94736842105263, 45.539426162173534]}, "2A": {"Normal": [125.83783783783784, 39.517025761749636]}, "3E": {"Normal": [126.5934065934066, 40.2251842883595]}, "2C": {"Normal": [118.34254143646409, 39.09916295545653]}, "2B": {"Normal": [116.62921348314607, 42.53072439259552]}, "1D": {"Normal": [127.41573033707866, 43.897943180493584]}, "3A": {"Normal": [102.45614035087719, 35.947364139973885]}, "1G": {"Normal": [118.51851851851852, 44.196841156077916]}, "1A": {"Normal": [116.25, 44.843477786630245]}, "1E": {"Normal": [117.3529411764706, 43.57608785246734]}, "2G": {"Normal": [97.25806451612904, 34.57900513684427]}, "3G": {"Normal": [112.03539823008849, 39.51384415250774]}, "3F": {"Normal": [116.25, 41.103636439753465]}, "1Q": {"Normal": [98.70967741935483, 28.707865111338055]}, "1R": {"Normal": [97.89473684210526, 28.9425833365632]}, "1X": {"Normal": [96.0, 29.393876913398138]}, "1P": {"Normal": [72.0, 24.0]}, "3Z": {"Normal": [90.0, 30.0]}, "2Z": {"Normal": [90.0, 30.0]}, "3P": {"Normal": [0.0, 1.0]}, "2R": {"Normal": [100.0, 28.284271247461902]}, "2P": {"Normal": [0.0, 1.0]}, "3Y": {"Normal": [0.0, 1.0]}, "1Y": {"Normal": [0.0, 1.0]}, "1Z": {"Normal": [0.0, 1.0]}, "3X": {"Normal": [0.0, 1.0]}, "2Y": {"Normal": [0.0, 1.0]}}}